,0,1
0,-0.17974149224456076,0.9198031452086756
1,0.6936924288191486,-0.685607004362981
2,-0.5735149712999077,0.7494064742268867
3,-0.14886860358220566,-0.4226036080774908
4,-0.04660333886649592,-0.421352334104829
5,0.4079727499863741,0.3445825547899756
6,0.3519830262218997,-0.8716723830174111
7,-1.038426077416741,0.02815720745127618
8,0.15545759600796294,0.4637646795909516
9,-0.15664238573089584,-0.5083621641093414
10,-0.11181376882953327,0.9985093741368564
11,-0.4511814254365482,-0.3424025771715269
12,-0.45332507514372794,0.3219264289078492
13,-0.17354797266216732,0.9289807892821776
14,0.2647555353969967,0.4315992115571141
15,0.26734506367309296,-0.44629119841235176
16,0.491043566891273,-0.8919499546399097
17,0.5223152521899843,-0.023989528434073083
18,0.7881860021567083,-0.5814409708138256
19,1.0317329251512526,-0.09354733117331944
20,0.6510800144955384,0.6683947929446279
21,-0.2765749353313719,0.3500650823988818
22,-0.4049832525741221,-0.3115005346246126
23,0.5341570073995834,0.2972739461972314
24,0.09556518581113974,0.942360839867062
25,0.6900840362617878,0.6685455059189804
26,0.014040851172170469,-0.5260468894821171
27,0.26279690941797745,-0.4489079619086324
28,-0.8634432373481383,-0.2982236308227485
29,0.3324659009698333,0.3308546819515874
30,0.4804496939981589,-0.15285839177604235
31,0.6034101762234295,-0.8673042430935469
32,-0.5328462966687791,-0.2402001900174064
33,-1.0289786140328352,0.1046180649318075
34,0.3506881698504221,0.2543637548318029
35,-0.1576725732368546,-0.4866772988198129
36,-0.3845172416898264,0.3362080845740316
37,-0.366280520807774,-0.33568852470995736
38,-0.4161213409551465,0.16943321672749226
39,0.6325375322506417,0.7534478556407722
40,-0.4461039362516516,0.3266563970246145
41,0.4390159150568962,-0.20315828467579836
42,0.32051388511683426,0.4388148863798967
43,-0.4820674193801887,-0.14301777450607792
44,0.6223052771600621,0.7923990261876139
45,0.5423109115479722,-0.8958823218298213
46,0.2896359752007226,-0.9146300218219732
47,-0.9102475184683518,0.4643695494903311
48,-0.1017138917145586,-0.5824497215675325
49,-0.031726169362236364,0.5574754110241714
50,-0.487864934866857,0.13763426541933088
51,-0.4383059855695373,-0.33170617536353497
52,-0.0288574752800038,-0.542744105369728
53,0.07805608552028738,-0.5438205779462929
54,-0.9975110364605544,-0.1269615045209568
55,0.9766613808781,-0.2786762977046424
56,0.3300197620489614,-0.3754014905535653
57,-0.25670344236907217,-0.4947833543362641
58,-0.037969705969176704,-0.5051784482055272
59,-0.5624540222734025,-0.18618563630052448
60,0.4684382536653216,0.8175232017339259
61,0.23717085374924105,0.4578746339843108
62,-0.4617603919587617,-0.1978078646451745
63,-0.7671910236144563,0.6606802647866221
64,-0.4225162374195888,-0.9006208508450343
65,-0.4090875759970931,0.08289463952982429
66,0.4837147404872466,-0.07700647045016648
67,-0.2685764889232567,-0.9537503944644958
68,0.27373986772986336,-0.45725339149301797
69,-0.9898168675202332,0.14748513618518252
70,0.4105514008866301,0.20830524412810408
71,0.3981705939701196,-0.4152784288483765
72,-0.4734577067253341,-0.818890680823448
73,-0.6095669595429836,0.7488488227349807
74,0.496377323648191,0.2440340024456801
75,-0.2714672341827007,0.3701433873547595
76,0.8036592868434653,-0.4744926194233568
77,0.35874718436443986,-0.3454721451761266
78,-0.11353981394296075,0.4890017648671622
79,0.8807380816348237,0.5123361100368824
80,0.21723218751240664,0.8789561075916897
81,0.21855346468889145,-1.1106737807194342
82,-0.5454987054881586,0.8381945596527467
83,-0.5595556389217791,-0.7684585608622521
84,-0.2691632490919438,-0.39786256189167696
85,0.32619234113312523,-0.9506650879873918
86,0.2765529932767197,-1.0116022163041558
87,-0.41858014913308456,-0.1826089013041529
88,-0.2618094050043452,0.4731205332390931
89,-0.9063074100767701,0.3639262998969033
90,-0.08783777011111142,-0.4127135061045199
91,-0.2304493220106119,-0.5479030068570405
92,-0.389760884314502,0.9901505066453524
93,0.15696705519166604,0.4071689489502584
94,-0.6138279551825061,0.7912515410026362
95,-0.9667806814336152,0.4026282770711868
96,-0.9417887617890782,0.008720210541169629
97,0.4572078007824029,-0.038096134075664465
98,-0.4037563958059844,-0.20788648232268966
99,-0.5119033493575481,0.8011052271329941
100,0.8359930293732472,-0.36120161719006705
101,-0.3715014923416497,-0.9899028701098204
102,0.9439747607394724,-0.3678638968448527
103,0.5235374706023138,0.9177882906849676
104,-0.2592465265098162,-0.5046336844943111
105,-0.6677762359901279,0.7268396211776371
106,0.15877504503723636,-0.4580994200170794
107,0.41267437267568063,-0.4289034288022812
108,-0.3011124210446359,0.3946137654302633
109,-0.1511395211361389,0.3699904555557572
110,-0.18715381413518206,0.5067961690682469
111,-0.016656762570760063,0.4734106007910631
112,0.3887352394881495,-0.32993400751392604
113,0.19764766053569832,0.4020850135268792
114,-0.4321864209606576,-0.2633809123555887
115,0.6536568347418901,-0.7117494444058909
116,0.13402487607144792,0.4854444345758402
117,-0.3094887460255283,0.5191609782631325
118,0.05634547703979409,-0.5647316961956661
119,-0.07045696760385359,-0.4235338513414185
120,0.6080569476064024,0.8319166929930298
121,-0.15841656653322467,0.9491508831899348
122,0.5337659459851108,-0.024928835381561147
123,-0.2819054846737274,-0.4007336926787449
124,0.11448876933310467,-0.3595556599381037
125,0.7394835821333222,0.5181723162009402
126,0.031068573392996443,-1.031910007011564
127,-1.0075971118425562,-0.13178725710742206
128,-0.8152223161280011,-0.6220300601825118
129,-0.9868535471452696,0.007942411946352455
130,0.8789324531727941,-0.334690314352862
131,0.7198042254672448,-0.7108484200182672
132,0.27557089632761,-0.46715313350174004
133,-1.0018524193186231,0.2405575438435468
134,-0.3746717166329517,0.9630726411307442
135,0.15545967508757533,0.39236954425516657
136,-0.9042316203019892,0.20909903013374784
137,0.22195283328963944,-0.9831720941120676
138,0.4477319429989069,0.3380511903151745
139,0.6649338658810365,-0.8229403688485553
140,1.0037180971689768,-0.016535802603828757
141,1.0051542337741517,-0.2543034611936657
142,0.0034117249793895604,0.5231968462267425
143,-0.17973667507073024,-1.1273894204053851
144,-0.8923537274346378,0.44862633786418105
145,0.4967732146194666,0.7708734963221314
146,-0.494222486723709,-0.05519364135912153
147,-0.461021068355141,0.3296072425035108
148,0.4010858888885884,1.0212860604951597
149,0.16168429055614894,-0.4333815843761154
150,-0.4455138208114488,0.2207802270397997
151,0.035127289995417824,-0.9828112794698348
152,-0.28351277840024186,-0.4306969488890711
153,-0.3850481489821787,-0.3062678727096338
154,0.24473500915322105,0.4356057910277005
155,0.8919862341398793,-0.3105560203601765
156,0.04509866680232298,-0.533911036754577
157,-0.05596425698550701,-0.4766822333367193
158,0.4453310377996498,-0.8399938054144924
159,-0.200998606410474,-0.48378680351621395
160,-1.0788182604527168,-0.01805778886699357
161,-0.3762777269829304,0.4008331544305915
162,0.2524787372146767,-0.9767313021162238
163,0.3077433748057603,0.370982969860795
164,0.5975189884249217,0.8399281980720741
165,-0.22216289865535527,0.3902548867736437
166,0.8239670486141092,-0.6174846418033264
167,0.4785393167252263,0.2561916641442263
168,0.08474940062109568,-0.4640265603043072
169,-0.5391266968531034,-0.15469914221102884
170,0.4710418653134907,0.8829723264427749
171,-0.3697838858913414,-0.4713815159300941
172,-0.8002755313565559,-0.5424002575000247
173,-0.7520354400971018,0.7020790802591009
174,0.372621864696813,0.40582968052150736
175,0.4526413647845466,0.13746957953698394
176,0.9646320835491592,0.21976803989534144
177,-0.8189401962063697,0.42466007178950665
178,0.4974253427499152,0.036475772442697084
179,0.5473993005206551,0.015443981714105028
180,0.3697398382166272,0.14118772870434967
181,-0.4396284321599853,-0.12601242474651247
182,0.8622210220540552,0.5440419194896453
183,0.5017774755864457,-0.35643948924107016
184,0.5123167459933207,-0.1495635084513516
185,-0.5303171653332968,0.16648341858867005
186,-0.16136919379915324,-0.5623718722371085
187,0.18674298926347227,-0.4607626445094439
188,-0.8782681042086318,-0.2287112546693235
189,0.6717273807633919,0.7738944179096021
190,0.30336699159307645,-1.0032384280575473
191,-0.4007788704249843,-0.18626685878862856
192,0.12827119782450788,-0.515816279678178
193,-0.5738585794916605,0.10244240818530356
194,-0.8588830555291287,-0.5335658145860139
195,0.4782434317963673,-0.27525389570327785
196,-0.3592747609152745,0.4794398261505249
197,0.5034501902129361,0.2150965808410381
198,0.1956878066478779,-0.5078525475859309
199,-0.4739668038621512,-0.05938924399419265
200,0.4776831189630099,-0.3178026966996499
201,0.23429626298466505,-0.4251520632821592
202,0.375086233225552,0.1743985901282127
203,-0.2289621996179144,-0.9199451849023496
204,-0.8772386847760085,-0.09731534946291508
205,0.9980811647146112,0.09925487323646386
206,-0.3958015202504854,0.13926052819199616
207,-0.3480205864329887,-0.9601170840304474
208,0.4390159371172641,-0.915979300761946
209,0.3586075169137494,-0.9369482846670945
210,0.9520730110536187,0.24082338143186305
211,0.938668560256827,-0.3822455788149528
212,0.833790336438458,0.7645161785633623
213,-0.9711897810129424,0.3596751291022885
214,-0.2689867362784953,-0.9676024240886862
215,-0.3253759779915475,0.9480685841920616
216,0.6214082777848007,-0.07685930823565784
217,0.463559575867613,-0.3867888467338785
218,0.293591452342951,0.956865194809394
219,-0.016124004982941836,1.002770956719576
220,-0.6732644429182397,-0.780312006051975
221,0.3442604943418684,0.3411737190062043
222,0.10700934028517296,0.43454603893226573
223,0.18363924837098225,-1.0281468461339889
224,-0.2079241566109741,0.4632821956880063
225,-0.15888450218031347,0.4566790905138266
226,0.2195548703731945,1.025664132785204
227,0.9426929188144604,-0.212387278056438
228,-0.3611222854296193,-0.2611295595630089
229,-0.7745285934722056,-0.5428281840294179
230,-0.04289607732440863,-0.468876321670541
231,0.7509105905803033,-0.5482171535310085
232,0.2516276322161704,0.4868998748265904
233,-0.16623759223766266,-0.4908501855697568
234,0.3914423098321212,0.4606614273660396
235,-0.15836953308169313,0.9619462162459814
236,-0.09095196583859562,-1.0059803869629758
237,1.0040196345094423,-0.2939256443928283
238,-0.4215488990740275,-0.9065892774994584
239,0.06142274841444604,-0.4976101114476073
240,-0.4881326541959736,-0.1415918878477828
241,0.7605394413533865,0.516695536957374
242,0.28345090360665604,0.3174191179278158
243,-0.28492405853232144,-0.9254634376715518
244,-0.2269965488966577,-0.3683690118487189
245,-0.9644959152068356,0.3454205651652689
246,0.4227186889353221,-0.35765247282919393
247,0.32192025129555546,0.3082306380008216
248,-0.9687351685996458,-0.3342026609705304
249,-0.5105265057142598,-0.2849030053810543
250,0.21791912050125925,0.3944644542372148
251,-0.4786451012548361,0.8961475305561748
252,-0.5357812792072438,0.016947526977194857
253,0.03813087967577891,-0.9483091729720644
254,-0.9619921302009244,0.4314695727467621
255,0.9731867366660264,-0.2622491477285699
256,-0.1176467197721002,-0.9941973671587518
257,0.02020198819189157,-0.9970955548432612
258,1.004694828678655,-0.10439115805141974
259,0.1203772460495174,-0.4571512004189973
260,-0.555452354433746,-0.1559372939296874
261,0.3928588845598446,0.19434277887701568
262,0.5827568852444912,0.8065877861419646
263,-0.010103569955351915,-0.5430264855691791
264,0.14797905051891988,-0.9718154639944554
265,-0.4538184935335624,-0.03477371961180223
266,0.2546216552414777,0.9332491778062696
267,0.4399096786848723,-1.004481753573688
268,-0.4583873239970822,-0.2603475686312321
269,-0.4560374544305479,-0.8848241937141021
270,0.3717814084249103,-0.34522611633406297
271,-0.09653303872170957,-0.44994925829423293
272,0.4612842524696314,0.00047478914247796317
273,-0.4297539891292369,0.14659530281141758
274,-0.8693187655003405,0.4914971837009774
275,0.16771700521477215,-0.4773761358037538
276,0.09952909982848558,1.018906685965187
277,-0.4236378084967149,0.35512217807529056
278,-0.3803777819532452,0.2156625143140936
279,0.562370352648879,-0.11482588073194445
280,-0.139794883350236,0.3821295097981521
281,0.7944106037575844,-0.4543763418642587
282,-0.22394573056283112,0.492452035703186
283,0.7821364654196153,0.6605442027994421
284,-0.5688980249768825,-0.8239026062380949
285,0.2068455204222131,0.4952951601167811
286,-0.1316985590638845,-1.048051341157713
287,-0.18618230151540605,-0.4246349219729393
288,-0.9544952272573852,-0.3559544977989443
289,0.06229456877699099,0.4915310539758195
290,0.4589279844353234,-0.817781692935658
291,0.1895704723482262,0.5584336368210211
292,-0.5198386390007202,-0.012143121600624342
293,0.15835967243399218,-0.4763908654940968
294,0.3545544543805663,0.2458716317432693
295,0.0725872141981816,-0.5481382928532746
296,0.2667670360692156,-0.3607619455855165
297,0.4333071480993043,0.21227874062634347
298,0.5358827101269341,0.276457812784962
299,-0.7646166858977901,-0.64952286893592
300,-0.2042392293029455,0.4805476532584469
301,0.6966281408146474,-0.6992128760142361
302,0.9120120464118524,0.3433932827829688
303,0.0113214767429261,0.5760689657975255
304,-0.4644854904947353,-0.00012846108737198103
305,-0.4190512440112681,-0.7641773307763764
306,0.8740552943454141,0.32550886199277945
307,0.4738684527031807,0.18924627718577647
308,-1.0070597213729624,0.29565348667635555
309,-0.5285088298175562,0.8801169393283713
310,0.8023874991816874,-0.407835031563346
311,0.19973537569482128,-0.4918135089784173
312,0.7269653474803558,0.6623733690603446
313,0.007709656877195757,1.0936444183150436
314,0.2688951254016929,-0.8918489794442936
315,0.35585540936811844,-0.3587331131533968
316,0.5407411771452864,-0.013630418251149662
317,-0.052056448555712835,0.5053999922047243
318,0.4612849040635397,0.8729749400009092
319,-0.5028956131759286,-0.8945980439500579
320,-1.1082636326879318,0.03201451163862632
321,0.4897541605045198,-0.005234298252114703
322,-0.18056134778933614,-0.38132368313645615
323,-0.7670409333906872,-0.6345418032101512
324,-0.4034136296073017,-1.0008176214303872
325,-0.4098300549113472,0.11554434160491467
326,-0.4979020636766509,-0.1767456471258966
327,-0.4746995173055023,-0.19413912191239116
328,-0.1941095640184762,-0.4856255107029933
329,-0.21436801350636184,-0.9976761697608362
330,-0.4092310110321728,0.0572117380709772
331,1.0873394149974782,-0.3020535480752405
332,0.5598887120811396,0.1137909209846656
333,-0.4702389679544132,0.00804604415826285
334,0.7513200952171615,-0.7165291438350201
335,-0.43956468726432496,-0.2611233532193891
336,-0.951180412542768,0.012027051548000621
337,-0.6235935823642781,-0.08952164881827526
338,0.3759906321444341,0.3333731730599274
339,-0.4449199931119874,-0.2856944923487937
340,-0.33489293972564393,-0.29623548848799364
341,0.673437492823952,0.8201356684124463
342,0.3381051769047223,0.8966107121521837
343,-0.5437356725099293,0.012932777974941152
344,0.4733992787958725,-0.1935212203576954
345,0.02260072047471636,0.5382201837501975
346,-0.7700396875508937,0.5821833111889942
347,0.8919670778900871,-0.5654674696535911
348,-0.4335575292221019,0.2177162410707676
349,-0.6426369410427548,0.666908124535009
350,1.0496179464536242,-0.28602904996237416
351,-0.993032413157678,-0.003908535057644311
352,0.8851951626011978,0.3916332982709863
353,0.27685928450918,-0.8839081889807561
354,-0.3861981227846688,-0.3237885860780355
355,0.5927691827396488,-0.8174349629354156
356,0.3535499709331071,-0.4216149026677434
357,-0.2925159804141892,-0.20940850108564507
358,0.4914789468760568,0.8578792489892254
359,-0.6684915849120707,-0.7150025821298307
360,-0.4337956964097368,-0.11456013725255693
361,0.7276898871751266,-0.6246842171930462
362,-0.10109538435305124,0.5306552139378813
363,0.6099475196262718,-0.8118363346892328
364,-0.2976205857458991,0.44165192670080616
365,-0.31845294524065043,0.9874859464509348
366,-0.9676388657345862,0.28403076621407164
367,-0.5011487090833087,-0.0866798985216092
368,0.21917230471129,0.46175101428778
369,-0.41404183068229256,-0.8973124207362839
370,0.10063596920592473,-0.4555898963838709
371,-0.2744856062532891,-1.0363951936897875
372,0.8973239009618967,-0.5463407559233445
373,-0.23266512496780545,0.4816428197901037
374,-0.6960125480383553,-0.6574615344619792
375,-0.29126702290646034,0.3629396337210621
376,0.2968586599237696,0.4127648059710288
377,0.012011652244392948,-1.085513783850326
378,0.25358780684903537,-0.32424300562924113
379,-0.2988769445158368,0.3747489984020115
380,0.4388382432723517,-0.02212357544490442
381,-0.09012904705622916,-0.5093707199812658
382,-0.2871480929336421,-0.8515508524145986
383,-0.8117279684289032,-0.4548824214631854
384,-0.4554846358414844,0.34312870328146194
385,-0.3094785981588705,0.5085958348474376
386,-0.16295347593130458,-1.0052084971844906
387,-0.5391256554548969,0.7547020464809839
388,-0.5682103664359253,-0.1532355618851612
389,0.4419663146106869,-0.8653499191166562
390,0.9313831940689888,-0.4512325822151254
391,0.12720638973031756,0.4387403965057488
392,-0.4827839400123765,0.8610728310209829
393,-0.16650530081806386,-0.5582763336869025
394,0.050997964284862085,0.5135319209045204
395,0.4178744156476078,0.10517668178818534
396,-0.4118776186450665,-0.08553175119135561
397,-0.452639274424183,-0.19920123171664786
398,-0.3455380605455176,0.34411790261476943
399,1.0228753118427658,0.361281685299234
400,-0.963718495023042,-0.07014150028305077
401,-0.05946274864052595,0.4894194469160258
402,-0.24798000042026505,-1.0592598143065286
403,0.8678722631810188,0.4782301428194316
404,-0.4496537747203128,-0.13361037161672173
405,0.12359856603086995,-0.9633157464343136
406,0.4922985740104085,0.27693972372309505
407,-0.9875875839759882,-0.4457928169929555
408,-0.4692855144604754,-0.9475136650361357
409,0.7587730015879237,0.5618246769987786
410,-0.9775030277641944,0.4967149132252052
411,-0.3489458763022551,-0.8763810445122682
412,-0.4305849344594688,0.05062522282918172
413,-0.04430822209538464,0.4890151414544942
414,0.4647160542669149,-0.11846391280865268
415,0.3515215402724089,0.9684880439784092
416,0.4545019188271362,-0.17749056255769538
417,0.4574117615359477,-0.2527431951135733
418,0.36241689111017,0.3881891363219965
419,0.1378996672803772,1.018482013110629
420,-0.2620380176543665,0.9636729700942174
421,-0.4898915082273577,0.2952122466070475
422,0.4901533302001419,0.2461373086994069
423,0.7066959521551432,0.7534806852957979
424,0.7689365377964492,0.5930199867615118
425,0.3375590167112798,-0.9507368064997316
426,0.2536419752895422,0.440165768918679
427,0.40548419855817697,-0.9553756257074562
428,-0.222643494681786,0.4937744473263636
429,0.3500849372465132,0.961723483598887
430,-0.3958136617931568,0.20663559926299024
431,0.18671722383243927,0.3357896137589874
432,-0.5069838318563649,0.23060140836792825
433,-0.15521759460051432,-0.9408390150447256
434,-0.17967950502065105,0.4710945771013189
435,-0.7793385836840877,0.7017813301028333
436,-0.2685013335239416,0.4306168279242104
437,0.4470952848183165,0.23294889270991184
438,0.18844222940805666,0.4662541911950006
439,0.8930611969191427,0.4554674109718857
440,-0.10909189828384602,-0.5552049725923557
441,-0.2253088466965705,0.9128524194855779
442,-0.8768003679803902,0.4380192309155203
443,-0.5604301718107483,-0.7993960380991747
444,0.5373281409131723,0.06609832905159886
445,-0.4587177688972205,0.7879478460794099
446,0.4404189597725833,0.3442352044622877
447,0.4035267351565132,0.2917494673008522
448,-0.9536964614116692,-0.09610344421881817
449,0.837432545837058,-0.6417777129428771
450,0.2757597361643583,0.8906156314966848
451,0.0009231099279736754,0.5331902674192657
452,-0.08410493459041082,1.0317182181821285
453,-0.8754582100689055,0.4729871943112328
454,-0.4951578541377938,-0.20079465729962004
455,0.4991173228313539,0.13920902484649186
456,0.30160848347599417,0.40324413585806496
457,0.3218848040662408,0.3829912628818861
458,0.3897796264243269,-0.2275227892414441
459,0.2943458112202684,1.0321970600469093
460,-0.5899324626165584,-0.8295600150259022
461,0.14862328184539403,0.9918645430153056
462,-0.966517414294958,-0.4301446573179182
463,-0.08504463807784032,0.534953551421925
464,-0.447372813448004,-0.05112088430718525
465,0.497966424700984,-0.1160947819155084
466,0.2868715447604545,-0.4484833226334203
467,0.4041629730791005,-0.22374416848507256
468,0.3245490170787549,0.4204858364753092
469,-0.5617181723620055,0.8136551297300053
470,0.9172360200592584,0.09928197098257116
471,0.028935723617513693,0.5360960726664613
472,-0.4566338043789245,0.27345133142142153
473,-0.42563098677190814,0.2662047190406205
474,-0.22754337902171445,-0.9595835497726012
475,0.3699744057302847,-0.2353364531725746
476,-0.33944365902823503,-0.4692239626877842
477,-0.9853406069458974,0.20513041651915906
478,0.5101839971873943,0.22356168112076394
479,-0.7997360523410905,-0.3024217371402563
480,0.0018935175719692328,-0.5106212703446006
481,0.9255766585652598,0.4349897267533092
482,-0.3725335608223519,0.9133338326818856
483,0.5238426151994944,0.11599151098332686
484,0.16548474669644242,0.6195444918233101
485,-0.09295351116503943,0.4439299071962381
486,0.5320098184049885,-0.005197148817047722
487,0.3098870162674857,0.9465490571099744
488,-0.23279346211479404,0.4244581188463828
489,-0.5242896228189343,-0.07731153333960639
490,-0.7592260916615233,-0.628759492487661
491,-0.007468780305755224,0.5185646270305114
492,-0.9639504232800904,-0.24104558962052505
493,0.21753505728080644,0.470651364874228
494,-0.2407261765034715,0.31151135207811625
495,0.9476891003497584,-0.4046424773716989
496,-0.07138473488768951,1.0029570443035731
497,-0.9178288032994776,0.01930220006673029
498,-0.2837118586180521,-0.43973617561909867
499,-0.4445293535693957,0.9250465926172532
500,-0.3128527132309169,0.2929455373648937
501,0.5925218014200656,0.7493916406167032
502,0.006247503454082714,-0.9949592464826514
503,-1.0422996633133033,-0.15499544601914958
504,-0.17107769807166012,-0.42871631038713204
505,0.302999523364622,-0.486529701789216
506,-0.385245049525043,0.9397224174330772
507,-0.5447508679434072,0.1326324282387691
508,-0.5281938989680063,0.873615372453742
509,0.3846451341613096,0.8321693571369064
510,0.6467310033623939,-0.7077243072926446
511,0.7868710570157024,0.7445867565500833
512,-0.2599170301031352,-0.9479887034786426
513,0.5065340538513435,-0.20796228639029252
514,-1.0003017001540997,0.24498775482171756
515,1.0138308196635122,0.0697722025247617
516,0.12762599579528208,0.45715370743856
517,0.16677981655112778,-0.5008834374959262
518,-0.7395051196734814,-0.7260943978804948
519,0.02686302282410437,0.4690938621987277
520,-0.4877488487231346,-0.2767539491391866
521,1.0031086104238318,0.4663889291827659
522,-0.4848747533554954,0.0437721817212951
523,0.9580567627064138,0.11942127778022067
524,0.9087311135742044,-0.23969743431824184
525,-0.3456815494299437,-0.3545628667908673
526,-0.05806703983143341,-0.5274492602657727
527,0.239235311178686,0.9518083061479936
528,0.4796583066144959,0.21392333421400475
529,-0.3990685863297555,-0.9227139719655444
530,1.0059434810603698,-0.3147871015628308
531,0.7370413343887046,0.7499279894745059
532,0.4619194548480324,0.8736986041178157
533,0.10617236747040967,0.4196338527022767
534,-0.4512056227331891,0.2247113156938753
535,-0.1252910478687071,1.0178399215063942
536,-0.4345285369083727,0.8852661790582627
537,-0.1834693969308259,-0.4740756737780997
538,-0.4882819806095549,0.1914134235923441
539,0.5136624214046799,0.2724903212949758
540,0.8576077719450832,0.3438056370257415
541,-0.4536384406539368,0.2647442749973911
542,-0.6646452255414108,-0.817247123028962
543,-0.7578080359508886,-0.5157560184654228
544,0.17536707797803197,-0.46323711374921295
545,1.0158542970099012,-0.1049289999417236
546,-0.4064909559288269,-0.1757970921525599
547,0.4108055040027897,-0.18141956402478912
548,-0.7177108329008667,-0.6756872510877675
549,0.3364475233618112,0.31398191671648523
550,-0.8406084927998017,-0.5273239852714804
551,-0.4720219843814874,0.9064560273901136
552,0.4768910830230743,-0.1435840622535839
553,-0.4267270664843764,0.21820958402217427
554,0.3250084110961413,-0.3277590657915661
555,0.4623864492340048,0.06406911605109944
556,-0.5547657793550095,0.03987887928541011
557,-0.4175451696080767,0.21107194349951391
558,-0.5103894963427905,0.09860204273383424
559,-0.5159313284620327,0.12806124771859068
560,-0.16809248824091488,0.3191723653290871
561,0.979487493312037,-0.040917899591943384
562,-0.5999252894922565,0.8216003428344254
563,0.44270440981010944,-0.2236859069693824
564,-0.24495040577663155,0.3649939074472133
565,0.2124975858639272,-0.3274163265427097
566,0.5523860268541624,-0.2584734494804156
567,-0.5175503623968067,-0.8456419680194572
568,-0.6495640541966378,-0.8678554770885707
569,0.3154654330307648,-0.3714486939336072
570,-0.12165280693022194,0.4414336755523208
571,0.3892149186172389,0.966516301926197
572,-1.051268438797656,0.003865763277162377
573,0.8532307482994678,-0.3942635724463526
574,0.4001641080725905,0.3907827723644161
575,1.00516682380395,0.14522621981036574
576,0.5234134999422244,-0.7703439718487735
577,-0.3858422447636332,0.2542899029511526
578,-0.15144822519188486,-0.3697407559446018
579,-0.8191759708682718,0.4376137967871175
580,-0.04146015242875285,-0.4646451519654475
581,-0.43995356991158296,-0.2765177727558035
582,-0.40283457823275776,0.8474518328115985
583,-0.6031675283520557,-0.817969458679315
584,-0.30524883248432344,-0.5110116306650798
585,0.326507707085533,0.9953109112626431
586,0.4077751814322288,0.2122727045047691
587,0.6528303131411556,0.7199034080156759
588,0.30913070467260845,0.4123401308689445
589,0.2935231715292526,-0.3384489473287959
590,0.5393637673393519,-0.12761315442769122
591,0.410427365632551,0.2945370612901768
592,0.03865738109705826,0.4491187738674869
593,0.3227602793010872,-0.31755194940034365
594,-0.14176116344814085,-1.0663629380051949
595,0.4359556795779256,0.2714712842193042
596,-1.0380259160725838,0.06409623530870659
597,0.4797872072672755,-0.8173640584430654
598,0.4828793026146044,-0.21518287720786344
599,0.968774607334696,-0.006534174912719973
600,0.10287001001221896,-0.9384259267232012
601,-0.2033256298361289,-0.4659096572675314
602,-0.9628987312723941,-0.3181272983364208
603,0.8510896092146795,-0.4987474739831493
604,1.0086788817928558,0.16694723291178915
605,0.27012779789132696,1.0290087296861443
606,-0.1730254651853621,0.5160149101876806
607,0.526446937402328,-0.055255954669577015
608,0.44167070943799547,0.980118984180817
609,-0.35456345867690964,0.2941145871053011
610,-0.13086535663284893,0.9399963349365842
611,0.3478354744258893,0.14689674684609966
612,0.6021915666159493,-0.7735817313859656
613,0.501932460437065,0.2314726168296959
614,-0.26866299263393256,0.40726979531627094
615,0.9965165607274438,0.043535380261331316
616,-0.41095487733863134,-0.25771110488660753
617,0.15470325441457186,-0.4193087884916053
618,0.9025134986095346,0.5408504783213046
619,0.4520783721085503,0.14870767778989896
620,0.1309657054442245,1.0176543367659605
621,0.13327351089137526,-0.5677274810867662
622,0.4129660367525373,-0.958854979893437
623,-0.02289204137948357,0.5297978875106004
624,0.8954254795824139,-0.5939120086198819
625,-0.4202109000840108,0.21297104759830424
626,0.94699510681653,0.15988431917993556
627,-0.9163429086223218,-0.5281477398600617
628,0.20966355029522007,-0.4613879417349898
629,0.791980899273055,-0.4394293262738683
630,-0.3690419374445414,-0.22251784560726495
631,0.2525915275091852,0.3236216219431409
632,0.83724544472043,0.2493142678980207
633,0.6255140867303037,-0.1015517661356829
634,0.10615770981957318,-0.4693500019499245
635,-0.002294051616482069,1.0323140573979157
636,0.8675746858373653,-0.5419428489202608
637,-0.8648896358495708,0.27338970923006456
638,0.008262729066487132,0.9143610887326248
639,0.3860150962529665,-0.4591471362079399
640,0.6290704686234145,0.8902420167735684
641,-0.8252782065417398,0.5698940409236832
642,-0.38846790584340496,0.04619074115871394
643,-0.00718995002981816,-1.006896508212486
644,-0.11836200756700513,-0.4613681858633543
645,-0.7143438025205118,0.6674508142815464
646,0.09894869567803784,-1.0255735838755158
647,-0.3561377311594345,0.9130613959270459
648,0.9343674680323214,0.4387596104100432
649,-0.03628389067740068,-0.9550523120186116
650,0.3993630281958054,-0.3868343309550261
651,-0.19724282756998696,-0.5832936728499809
652,-0.2661934975402501,0.4603124558946805
653,0.5210315925223844,0.13765877707494675
654,0.8613343108467374,-0.6138184477304165
655,-1.0331346807202433,-0.017161274794602034
656,-0.1275088461288915,0.9611920511466217
657,0.20907685521977384,-0.9828893223992099
658,-0.9082329329515684,0.4318447912012903
659,-0.9484976966814116,0.3240707663539959
660,-0.228528316849932,-0.4886545093785602
661,0.3313346211400291,-0.897607822484722
662,0.049341633556145466,0.5347490758981521
663,0.5732780189122119,0.05321233203711709
664,0.4917051349205599,0.17552410036486565
665,-0.38082262369426,0.1838518117515999
666,0.9692297392694472,0.18150984762063335
667,-0.4925060593310668,-0.020327184547247083
668,-0.3547648206584752,0.8504309674289493
669,-0.5617556274876513,0.6764461758516489
670,0.9776872425701556,-0.312800900986489
671,-0.4320647061693443,0.21953223921097528
672,0.2904515724545291,1.0144831654478526
673,0.5206541813444374,0.008146407511889036
674,0.44303596380732296,-0.1859489772970354
675,0.33798797539771924,-0.43756689518502223
676,0.6819394563907709,0.7841717211934668
677,-0.06408160772048661,1.0838485744273616
678,0.16772532225793754,-0.9514934669705986
679,0.18642568911434065,0.4695114092372546
680,-0.7004502989293778,-0.7054367068618893
681,-1.0634400828987554,0.06819375634691059
682,-0.4690530805149383,-0.9626995446885592
683,-0.9214789627639058,-0.2409954143866089
684,0.2568782450465703,-0.4094246424496889
685,0.8853958490231998,-0.08557967261925235
686,-0.2116077772308784,-0.44159044009655896
687,-0.2664650329697105,0.9741996599487671
688,-1.0390093797580888,-0.05258038600080494
689,-0.9583024923965648,0.3588713326635609
690,0.3953130689226692,-0.14617817943333328
691,-0.28720509967511104,-1.0096062107263906
692,-0.02977064099198786,-0.9463065761135132
693,0.4482046174617019,0.0324773270474807
694,-0.6382666421270992,-0.8447197097724326
695,0.01520743363703055,-0.4896946351850335
696,0.5192996653377339,0.010211976948693788
697,-0.4379489230915388,-0.01915192734149471
698,0.9625827247548502,-0.07194600334025973
699,0.8751300499614393,-0.44439731285995787
700,-0.6221975534617139,0.7701400416304337
701,0.2729129540941504,-0.3592559266188675
702,0.6476573855113708,-0.7682462209726374
703,-0.41971991337132986,0.30502883097821937
704,0.14843499789499467,-0.3890222003585613
705,0.9081237243571194,0.18865635962970567
706,0.08874647118024538,0.9704774542513342
707,0.9080488662076098,0.2524017279945656
708,0.17247108071894166,0.4849572306465813
709,0.9673294222601629,0.2588014745697908
710,0.5627099195407561,-0.7479664084367307
711,0.4711531601456799,-0.20323894216382635
712,-0.16235627325407606,-0.5213822763988076
713,-0.4410149612335438,0.1187856223985156
714,0.5212290774444343,-0.754138370627234
715,-0.5185110130081995,-0.048874303201701184
716,-0.6774126084579137,0.7704525033013071
717,-0.0060567725067425535,-0.4042744977032834
718,0.2926417902332631,-0.3365543709878127
719,-0.8330893121355305,0.5106908451992608
720,-0.4817031212729266,0.022455413873977145
721,0.8298185130712645,0.4932543099195093
722,-0.5199793689250646,0.8283059818155156
723,0.2456111413696741,0.4209687827160735
724,-0.6458546108444703,-0.7653588790453252
725,-0.1086290578976207,0.997362223912
726,-0.11017131852309413,0.4613898744505297
727,-0.9665616421414506,0.1889279153360825
728,0.1058380525066866,-0.4237763640987833
729,-0.8930234662221973,-0.3723682354686701
730,0.15897623217460988,1.0057993837013788
731,0.3228063142003693,-0.4060304038275489
732,0.186170081388445,-1.0269876323723723
733,0.9102851123283079,0.12765304939022448
734,-0.2545642019221812,-0.4227984120059852
735,-0.4878783134368812,0.2435658814099421
736,0.4416210379141888,0.2649705662155838
737,0.4344847893757041,0.2902746572051753
738,-0.4720584355639936,-0.026271808921479
739,0.6665462744868503,0.6586581608734791
740,-0.21266525442415726,-1.0193584694828228
741,-0.03578644950951052,0.44265999109616944
742,0.0894493596252976,0.4981736753291271
743,-0.4883494758577679,0.14150233712754254
744,-0.4604245532867011,0.2280021575844641
745,-0.12495429746287025,-0.4550074464224126
746,-0.6195043811795278,-0.6937050230997944
747,-0.976268008267312,0.3649672479077855
748,0.5414422000982154,-0.7365213569700063
749,-0.20739399823089355,-0.4552592429813616
750,-0.3453816370605058,-0.4711881665071614
751,-0.4150197718884991,0.2787688421320124
752,0.6760852585194655,-0.8017362672058895
753,-0.8246718694928253,-0.4727538412356573
754,0.38615824095530504,-0.3221180949910002
755,-0.5662616245504594,0.024592693171686657
756,1.0213524093865265,0.08627820537593628
757,-0.14034920910565107,0.9457206420502274
758,-0.17574839859994473,0.4195511358010168
759,0.7102427812404511,-0.7054800313143694
760,-0.6893132986002739,-0.8047082576499925
761,-0.05340646316377515,0.5574128500736442
762,0.34917632360395073,1.0045701848453474
763,-0.915872170225824,-0.6457411371867832
764,0.6946828806216273,0.7995741068643393
765,-0.2847871004510857,0.25850476262780553
766,-0.16461051641642205,-0.4551931631339013
767,0.3238167655995283,0.3609645711023838
768,-0.22741962357004356,0.3178710281319264
769,-0.3060847017623861,0.4060700285634255
770,0.9460449045506344,0.32933689157890866
771,0.5672892787428652,0.8110127877520119
772,-0.4507394872004911,0.2935508878136249
773,0.9462493418018774,-0.345557701154885
774,-0.13835209466243728,-0.4888745631917926
775,0.3841488288729172,-0.8656259081500459
776,-0.7090228229258801,-0.7550622870389117
777,-0.4244646329421169,-0.17404909793322831
778,-1.0816230256071238,0.19326421679047526
779,-0.4237588639956175,-0.8667878921735536
780,-0.5672229204607387,-0.001927775273601849
781,0.13894538082876054,-0.4630392431603848
782,-0.3914386843712154,-0.1740057378698011
783,-0.8457987398983351,-0.5317738929924557
784,-0.4444312263970967,0.1699519053609596
785,0.2024543979433002,-0.43906098001442734
786,0.979853177102474,-0.3178591560033393
787,-0.2945171637022469,-0.9663496454195638
788,-0.6855093000113534,-0.6810308109413821
789,0.1919754754170956,-0.981666881390754
790,-0.31411187212347985,0.9410803699299092
791,-0.4858317371454036,-0.29677384457491995
792,-0.3110914323094234,-0.4618473076676374
793,0.6943742842763811,-0.7451792076644648
794,-0.15576089421587205,-0.9320519139934712
795,0.4400531563825232,0.8624432262280572
796,-0.2752052610077281,0.5372044585440829
797,0.42498200484228543,0.3786329233323058
798,-0.3273387694544688,0.2925075931088516
799,-0.08089089572019717,-0.4735778773205493
800,-0.4137556056259883,0.22413404701641987
801,-0.4944157769442966,-0.8601291460646988
802,0.2036585600822175,0.5382227415360542
803,0.011187748824228195,-0.5269276321255728
804,0.16806444507427282,0.5537449584201332
805,0.4982069957846279,-0.8938235427032373
806,1.0145167025088857,-0.17639981001828836
807,-0.4418172490584941,-0.21192889634810724
808,1.0260911391738148,0.35467051295550006
809,0.6794831006013305,-0.7217732381836568
810,0.2472731616164775,0.9984097383129776
811,0.25276831197301625,-0.4563652291149322
812,-0.6735415583465351,-0.7730889148350193
813,0.060081508575991226,0.5019818048347429
814,-0.4190259616802186,-0.03737464912393499
815,0.13381223763830444,-0.4511127144128987
816,0.8286364892669688,-0.31749457947006154
817,-0.5560012960510554,0.046350863028946254
818,0.29360402466419105,-0.3920964367326771
819,0.9378747309237068,0.004769370483022006
820,0.19443736524187336,0.926256556976914
821,0.4680654834771129,-0.3060348191185837
822,-0.3544799619327654,-0.3327630003167665
823,0.3505692825941472,0.4034001282121169
824,0.4489533739763279,-0.021330226027786524
825,0.2788782589369243,0.3646994893615356
826,-0.6159213994181291,0.9005610211458875
827,-0.31488650707611643,-0.3304054096787371
828,0.23895774992215166,1.003593756537918
829,-0.8349352857565882,-0.6331853720758309
830,0.7506228288470332,0.6551696600995743
831,-0.002270528320292045,-1.0195134126629481
832,0.0026753069573190193,-0.5210602499921485
833,0.5211193301614051,0.8701731644139824
834,-0.9789050312606634,0.4238261679151045
835,-0.3446015502828744,-0.9443208715867004
836,-0.2934426656976526,-0.4473817295597316
837,0.3395669479985792,-0.2770789781078593
838,-0.9170708235665709,0.539422914825157
839,-0.3220710210467472,1.0249018340843257
840,-1.0251528079061156,-0.03964897001122822
841,-0.7976375016975447,0.5252279610553611
842,-0.475361279265464,-0.8715689919665155
843,0.588871005815056,-0.8871472814470017
844,-1.0284658841285466,-0.12534647366890664
845,-0.9229807286766304,-0.4878048049374998
846,-0.9415436585524244,-0.1960242156465219
847,-0.6179703772338919,0.8404675889083519
848,-0.3803501618473936,-0.3823744044141161
849,0.5200195455390045,0.7989146890608145
850,-0.10207814838043966,-0.5033079679001838
851,-0.9746969369116724,-0.1730240509304688
852,0.13871492732141638,-0.5278576339030041
853,0.20289857569758588,-0.5123272662627387
854,1.0398769345380914,-0.03373865428656852
855,-0.29082310162255026,-0.3670071791827013
856,-0.3833766979916836,0.27377073532129165
857,-0.4578991371470779,0.1288986438204134
858,0.0044808856557118784,0.9121545560801959
859,0.5222925262867152,-0.02964994457159575
860,0.20538816250528272,-0.9351035280416576
861,0.186825291311398,-1.0441921090931217
862,-0.2786318305475085,0.4570266687174615
863,-0.0797620103312536,-0.4817254021582512
864,1.0348193424705117,0.2185054063770958
865,-0.4845493152000445,-0.12729838609251984
866,-0.6519036187078989,0.7755683717363171
867,0.2472031502991681,-0.8850416088184047
868,-0.3732259523791967,-0.3761665062836296
869,-0.2898068249376119,0.37017387893965537
870,0.13390655593469045,0.9769319131044912
871,0.4979955868370552,0.10919316815934092
872,0.8636519070300218,0.3580184852994209
873,0.4727189762104467,0.06744452027887746
874,-0.5969670292817388,-0.056584552202266575
875,-0.08674844494172676,-0.4511971269395194
876,0.4108620085692408,-0.33703004594397656
877,0.4996372340911815,0.05316939941796238
878,0.34480771531393395,-0.2991161870647693
879,-0.3421998698316421,1.0545908764143368
880,0.4322371036413888,-0.05321290175077262
881,-1.0396366042993492,0.3113460396503989
882,0.7976293400474093,-0.6359373752889347
883,0.3618210697705547,0.9505493046652678
884,-0.9903578689628588,-0.1974786838083092
885,0.3726802498431877,0.3886052894993447
886,0.8614353344870289,-0.3721546172353437
887,0.06842273791772141,0.5207531242606378
888,-0.4188081345166502,0.8208014576284051
889,0.8932482830386522,0.5344255106246115
890,-0.916794739727314,-0.4345244310107576
891,-0.4210602467424507,0.13174022160533982
892,-0.6293882570257089,0.7593685366185209
893,0.2329680493220237,0.4951137364585539
894,-0.033932166087531745,0.4265550593951595
895,-0.08642091013040851,0.9063650689807488
896,0.4307397192931479,0.0634834512769436
897,-0.7439370971418676,0.5930649322663093
898,0.9121071733682148,-0.5243010982480291
899,0.9526201614030936,0.19719667395996074
900,0.16153025998720774,0.4505891633320232
901,0.9835887993838612,-0.09294301512612464
902,0.8060966920029816,0.668704389299898
903,-0.8364589136625867,-0.3783593542806257
904,-0.4324798144602409,0.26450567501154026
905,-0.5098387147655178,0.8101770982448013
906,-0.9407053383709189,-0.28955945145090384
907,0.4220044065970119,-0.3740134475560677
908,-0.4004279038743653,0.16335084988532894
909,0.3197816324016809,0.4068082003345485
910,-0.4717389233966885,0.8490937452751478
911,-0.510406239947881,-0.005808269344343066
912,-0.8876436864089531,0.2613811767945383
913,0.3251007197317957,-0.20808625140715864
914,-0.4230930073929952,0.35921054358950466
915,-0.3527054593814656,0.31011001831584806
916,-0.29673917072179296,-0.4637326593618981
917,0.6530731878626008,-0.7720291185331848
918,-0.5142985259639822,0.06086176772372059
919,-0.9403804489968436,-0.22868028271450624
920,0.8969071764515859,0.42472960441285307
921,-0.3659201934255337,0.4327826317891056
922,-0.9730180754304529,0.3204978777046834
923,-0.07841773067277613,-0.495787159332911
924,-0.3730491086004848,0.3022687035929729
925,-0.6919104503189286,-0.6971742629481241
926,0.5109193604251976,0.06733038318977838
927,0.184555395612224,0.4029693395689115
928,0.7914780299545526,-0.6831069563104905
929,0.3441652244648385,-0.2701330984623114
930,-0.19122989928078302,-0.4463912793723964
931,0.35447696938797285,0.10319763655429816
932,0.7888858823820198,-0.5681432307552772
933,-0.1950457953243756,0.4859685268535896
934,-0.2567659913145909,-0.4044914699562153
935,0.3632560568395894,0.3133128789420055
936,0.24533247937061303,-0.9900599109168337
937,-0.03912031967859275,-0.4605121998003944
938,-0.6842930613259941,-0.6669719817137115
939,-0.9864518502387416,0.22709905924943516
940,-0.9430295409002384,0.15270199138087834
941,0.06527706817060835,0.5404680601795431
942,0.9310543163238192,-0.1991662655961948
943,-0.9345619314020964,0.4034044155521459
944,-0.80708565240102,-0.5883346760699006
945,0.0694356127084405,0.9643734966628936
946,-0.3075766539002925,-0.3347350740572036
947,-0.05015672488194446,0.5571994806910522
948,0.2962777929134933,0.372886232578786
949,0.5558530698853177,-0.17976194301680007
950,-0.3650461730231601,-0.2907270356130174
951,0.7362016926464835,-0.6625190039934732
952,-0.7306841691952499,0.7999606584193991
953,-0.37261855591265997,-0.8988192951758405
954,0.4357365400532713,0.9420461253970176
955,-0.9836062816038579,-0.1046951350991592
956,1.003150654257997,0.3780229059607956
957,-0.026799172057757916,0.4828660663611467
958,0.4364528548158045,-0.38063418290832096
959,0.4622659584002456,-0.1320855970719032
960,0.8447130473048131,0.6419932039719964
961,0.4204275734260075,0.4572377252288707
962,0.4501277620015704,-0.0015203748075217696
963,0.08305135393041094,1.013708756445726
964,0.841221528005784,0.4731993224159764
965,0.4350929694510239,0.3207459797036516
966,0.369888382347788,-0.4755776496714886
967,-0.10457086409855228,-0.953631639311208
968,-0.5093342293632347,0.089657943430687
969,0.8556919768406972,-0.5464772077187008
970,0.8357049446880609,-0.5673519799239449
971,0.4115315799938458,-0.922225035163162
972,-0.7498481687782663,0.5827950829880193
973,0.5179888980572299,-0.1336207395618217
974,-0.3655509731291233,-0.21512739225098115
975,-0.19437047613273464,1.0754463529240401
976,-0.8014923076771593,-0.5281254753195241
977,0.029736607245641013,-0.9753041791115258
978,1.0152905389817657,-0.0988190241323382
979,1.0119528917933116,-0.10882106730074673
980,0.44878011543389296,0.2646283116875923
981,1.0726291584639416,-0.005099381999759907
982,0.5835722390175312,-0.7448953954647841
983,-0.23468218801612895,-0.4508763709590824
984,-0.962247753130006,0.07409907363539167
985,-0.3969576943234621,-0.980717095986614
986,0.4424186124042534,0.9608314381291634
987,0.4825390298164615,0.03036471324632117
988,0.4760055649493541,-0.16125981035727913
989,0.18587068608105525,0.4769340739284356
990,0.9628394307840584,-0.266526617604335
991,-0.0127811274793991,-0.5638909874870269
992,-0.8041681995244068,0.5256801658404251
993,0.8633526534764043,-0.3939827904800023
994,0.8855074654901242,0.4080631324726586
995,0.03697802633344925,0.4974741509894389
996,0.4380680647025217,-0.1313222962408871
997,-0.5995933794285438,-0.0243017873858712
998,-0.2187669885451166,0.9153888758870016
999,0.3629758891120512,-0.35851807681619663
1000,-0.3956934412560649,-0.4338524437474521
1001,0.2888993472200632,0.9813942953489226
1002,0.9676247116133811,0.2732582691789287
1003,0.5307368489972539,0.08706116426202445
1004,0.300775443459318,-0.3894699323237022
1005,0.5064166550146311,0.09353009973218936
1006,0.5744318871491656,-0.004946946370553644
1007,0.37790002421385205,0.3400259749444075
1008,-0.31327015461921737,-0.20865770463225744
1009,-0.2764077825613784,-0.4170593346017349
1010,-0.13788554268631906,1.018566012305616
1011,0.6600805643658498,0.8384669078874669
1012,0.2394257276654985,-0.9439165904675872
1013,-0.17415216267831246,1.0923182865825352
1014,-1.0303422903368895,0.2001560584851193
1015,-0.9352613831393978,-0.5567563394107082
1016,0.16222283773262666,-1.0166968365351383
1017,-1.0211964500057509,-0.3712574683512568
1018,0.4284356102599259,-0.18943295040009872
1019,-0.9839005208333408,0.22006271534895708
1020,0.3872038558513521,-0.36223024841954904
1021,-0.6600171665975446,-0.7005885875714131
1022,0.023334638195726214,0.9831060123477612
1023,0.3573668451711906,-0.2303466204422527
1024,-0.1977654616456612,-0.4109206303697046
1025,-0.722238869585209,0.5277610186404021
1026,-0.4669833827634532,0.021237487954169583
1027,-0.3543018951634011,0.9941407985593989
1028,0.14511618938853912,-0.5297558305984171
1029,-0.11314462103119065,-0.9382358307768428
1030,-0.8584685303994957,-0.4970259124555416
1031,-0.1721821954386365,-0.5435320407203575
1032,-0.0307001360577922,-0.9794103748214948
1033,0.9088408804207312,0.24969531597845546
1034,-0.05809408106462261,0.4582688122595835
1035,-0.321637800973504,0.9550229511962196
1036,-0.9540346789504368,0.2842416525347363
1037,-0.5438709137448058,-0.25569546597380965
1038,-0.04401955459828028,1.0641657386419936
1039,-0.26888079641373497,0.9760412121062342
1040,-0.7750404840526941,-0.7400639835635848
1041,-0.9509790406572792,-0.08564618551112531
1042,-0.1028826956475405,-1.0382186742406887
1043,0.4335256828658418,0.9775094687633931
1044,-0.9714787436600748,-0.004560272678166375
1045,-0.2732888102722955,-0.9746483016350004
1046,-0.9222430535910512,-0.5572506317343897
1047,-0.4395774049711886,0.07615598097899749
1048,0.19888649425015956,-1.0221132838865037
1049,0.8922170084908573,0.443792830622657
1050,0.007387626349606559,-1.0801322426204252
1051,0.045319149329902296,-0.5060069059293859
1052,-0.22073056307422892,0.3991486899724516
1053,0.8795516716414378,0.5693780473851519
1054,-1.0318384151772308,0.02044312647272081
1055,-1.0075365745119202,0.20263295390034008
1056,-0.2574737682208539,0.4121881589818162
1057,0.948754237340812,0.4337278872382777
1058,0.3491931197792548,-0.2487922782392632
1059,-0.5816115276475254,-0.7639510312470135
1060,-0.06306989518387178,-0.9791403147848616
1061,-1.028556918570492,0.10096551478729936
1062,0.8823837358008719,-0.4244333759856216
1063,-0.7678886621587016,-0.6824115172917177
1064,-0.051945347500963066,1.0055730214534122
1065,0.9656018188937548,0.4341790374787103
1066,-0.7902456333535258,0.6726591824544076
1067,-0.8910515485547983,-0.4538278295981432
1068,-0.3715516305663069,-0.2763613500263004
1069,0.8208021141364141,-0.6178354292116629
1070,-0.7503638113160103,-0.6493306382981888
1071,-0.3580835790685332,0.3652920186492107
1072,0.3550681433583846,0.16113393151144342
1073,-0.22903139969803016,-0.4558237306956151
1074,0.9505707902260506,-0.3757035731971556
1075,-0.35486260599056224,-0.32056512152791244
1076,0.28645651035143915,-0.5467393004319379
1077,0.4228043027030168,0.12629196963689013
1078,0.7955684569140308,-0.6068812042222554
1079,-0.8960177823245544,0.3047446567126127
1080,-0.8757218574129235,-0.3760863333277305
1081,-0.31340395621910594,-0.33742733610824605
1082,0.5249615852525593,0.7773411138669368
1083,1.0512993328071512,-0.04202305912595153
1084,-0.7219041882730051,0.635918880501543
1085,0.3953499352902423,-0.3186238124803432
1086,0.027064490874080516,0.4729975103916398
1087,1.068954018069374,-0.012189471655569162
1088,0.4169905119283679,0.19896987175170186
1089,-0.3033567172789929,0.9965520978268874
1090,-0.33981141243956825,0.34282113046303386
1091,-0.2938609041050651,-0.9594089771184712
1092,0.09381584972293186,0.6018350636704852
1093,0.3077641693365858,-0.5056708088568527
1094,0.9010381006937564,-0.4283435523937728
1095,-0.3989292761557001,-0.1904721010583158
1096,-0.07293783719952943,0.4665179506162519
1097,0.07785428341664688,-0.4375623263055214
1098,-0.8854504222947712,-0.3205596476586992
1099,-0.6443913823822714,0.8154757289647504
1100,-0.4271046481026231,0.9030561415068438
1101,0.723013717924158,0.6264315345155375
1102,-0.3161234527949354,-0.3153005082268771
1103,-0.5305923214677403,-0.9005580870730829
1104,-0.9534897998563489,-0.410075745328317
1105,-0.4072367870312636,-0.20827789084762388
1106,-0.102115700402349,0.9089931740244116
1107,0.37754647109516737,0.35035987637671273
1108,0.4690204986753251,-0.8691845296723062
1109,-0.4218510420301757,0.10601904762668918
1110,0.7622718960636228,0.7086275654534502
1111,-0.3675457407713276,1.0632252059541596
1112,-0.41622536279258376,-0.22112447901461615
1113,0.01718113790510958,0.5570172475049561
1114,0.4332808108535714,-0.061343908910436874
1115,0.882495217023631,-0.6493645933737876
1116,-0.7675008030732922,-0.6175850025165799
1117,0.1141831122121202,-0.5358238843174766
1118,-0.03207470912333524,-0.4458686882688725
1119,-0.21628864217909088,0.37616452906643616
1120,-0.9883694701977668,0.1654714042510215
1121,0.6604470323780386,-0.678092594812636
1122,0.3056804627137029,0.4790661435896821
1123,0.7409649765068084,0.57447207292361
1124,0.04653541606126678,-0.3915165976712504
1125,0.8443112166426706,0.7133311922745884
1126,0.35730916272508434,0.3807965724686293
1127,-0.1177530809266436,0.572111843287826
1128,0.07268955907683197,0.488691101833516
1129,0.5348698446557938,-0.0536155189858926
1130,-0.7356729233169437,-0.7260625919670298
1131,0.13372274993268082,-0.3814134785820352
1132,0.4551971164462654,-0.9513985546433744
1133,-0.8645867483909297,0.16393866676835486
1134,0.839950153314211,-0.5598432890372358
1135,0.10914756466170863,-0.5589857985894356
1136,-0.37350409491234543,0.2814694733722798
1137,0.7496213490848194,0.6253245835811503
1138,-0.4674879061832614,0.2871318480280751
1139,0.3071259115545202,-0.4581221417529938
1140,0.5257868586687185,-0.197910442390622
1141,-0.806720131990386,0.27761112378457103
1142,-0.10346722233974676,0.5148719282521094
1143,0.4494418897712952,0.7993359364441021
1144,0.8811462889060407,-0.508000497860587
1145,-0.8807125797883799,-0.5168128583111574
1146,0.6190892016322189,-0.8092254474202594
1147,-0.08800955938344658,-0.5661150266026678
1148,0.4950324240792457,0.002424501766626218
1149,0.079262774098907,0.9787730766968288
1150,1.022626643533486,0.05841427164016873
1151,0.5720728515344807,-0.0182021798255506
1152,0.6450065994887056,0.7867896476727274
1153,-0.3746853684104143,-0.2993752855683181
1154,-0.2384443619024817,-0.4653220429031134
1155,-0.15411993468526694,0.5194609463516346
1156,0.28181306627313824,-0.5210978471967178
1157,-0.36183110926647655,0.32753034741242154
1158,-0.8952721630778796,-0.3196029090574513
1159,0.4556311587108644,0.2053798819142843
1160,0.4802824099945929,-0.23046612363064045
1161,0.5051223876260256,0.1965922181922069
1162,-0.9488681357336676,0.2027641934909276
1163,0.7216272886014539,0.8626548103673101
1164,-0.7285761021332091,-0.6161890102207713
1165,-0.9916370474606264,-0.08382117238636208
1166,-0.5108216808129975,0.00523225758990219
1167,0.4374519627123422,-0.17532205164772222
1168,0.4803741286025179,-0.09762648089129586
1169,-0.3215413048494292,-0.3623776037251367
1170,0.03975824838411416,-0.588277781659514
1171,-0.7277338042757651,0.6287106736435459
1172,0.6652594704417811,-0.7010082608281258
1173,0.3199144736115265,0.38858997392529016
1174,0.22241610705522014,0.3583778090968847
1175,0.8204571704076481,0.4780663450016286
1176,0.04882727550024305,-0.4463709036440372
1177,-0.1375758205821802,0.4436033001408174
1178,-0.14197837144391204,0.4102244461083623
1179,0.9777764861758556,0.2156291459284034
1180,0.7460256977238088,0.5758834404141278
1181,0.2887510969084312,-0.9870438333033164
1182,0.2993974417296307,0.4128514204808176
1183,-0.3664521354615464,-0.9686692257199694
1184,-0.3659466975205733,-0.3144889604814738
1185,-0.3547786936597619,0.3521851953519328
1186,1.0822087173326769,-0.05579611674708952
1187,-0.908891496064964,-0.2300457442378303
1188,-0.005924063667539635,1.0072818690333467
1189,0.481062394085122,1.0160262727094718
1190,0.7470993793767795,0.5354372331797312
1191,0.2472985146403644,0.8740444491052948
1192,-0.4189423778224528,0.9298853482180548
1193,-0.9590816323224828,0.33012934208152583
1194,-0.4871629200786594,0.2142760565510841
1195,-0.11108304500690784,-0.5239033227657957
1196,0.880870666470862,-0.19449986380814874
1197,0.7457581657074158,-0.6333967369959951
1198,0.9001061061389409,-0.03011057172355217
1199,0.5170985120130146,-0.13659605922263507
1200,-0.7809880234909475,0.5492739484260948
1201,0.5056971481082893,0.8680739827681577
1202,-0.06666750354078194,0.5242088084597549
1203,0.5937316541285861,0.8410339766579079
1204,-0.11586140034121875,-0.5228481926998889
1205,0.15842281500714026,-0.8886364027255018
1206,0.418433304199447,-0.2504829275941418
1207,1.0523011317002895,-0.2876096360634249
1208,-0.0689258174674163,-0.943437225834962
1209,0.020237011258272836,1.0133496414272294
1210,-0.2985295390705244,0.42191772493553537
1211,0.4594960848245037,-0.044077737145054884
1212,-0.8421550089816485,-0.29750073150804657
1213,-0.3490494393015106,-0.35975739497095577
1214,0.5122952005146858,-0.029687626905476806
1215,-0.3244795687397269,0.9799484712194936
1216,-0.4071215712141943,-0.2180246346048835
1217,0.4203427207704888,0.2667020368041981
1218,-0.4736560822462234,-0.9559888805707628
1219,0.6441770457138463,-0.705593282039098
1220,0.3783873656588647,0.9344670630454373
1221,0.1904700350700308,0.9271457695535148
1222,-0.46430863804944605,-0.44817716422245263
1223,-0.7861940105557568,0.7181710619318937
1224,0.30197106517032163,-0.9121362542642212
1225,-1.0247720062605874,-0.05592765077293908
1226,-0.2143347224111658,1.0070894702823947
1227,0.2592607312708922,0.3462479874050956
1228,0.20181913246338296,-0.5104695845023373
1229,-0.9235615181042179,0.48405778072423705
1230,-0.3816033626584191,-0.35673877536691145
1231,-0.9423398772362276,-0.2561558978317196
1232,-0.4874917363261347,-0.2398614897497618
1233,0.057392012271341386,0.4609251615255522
1234,-0.20288395401681686,0.4763152314736523
1235,-1.0129730970733328,-0.11186231751729243
1236,0.5183672577696827,0.1718159596764661
1237,-0.7283369944587228,0.7493776286609108
1238,-0.4632028403912396,-0.13667022652025254
1239,-0.5990604890115425,0.8445964156327056
1240,0.555327068781304,0.8978944647427656
1241,0.7694202700514831,0.5584361519578166
1242,0.9435354467052456,-0.191637355269922
1243,-0.7375865510221369,0.7420672429604742
1244,-0.5067044570435677,-0.1452249016726673
1245,-0.979008889907198,-0.10949928491617876
1246,-0.11500506029508062,1.000746095388749
1247,0.4488618685287768,0.2350416765807211
1248,0.8752523048398985,0.6615754994469887
1249,0.5632506674149466,-0.2927643224557713
1250,0.2261654560478048,-0.9893111287021602
1251,-0.458112937493397,-0.14224263807982748
1252,-0.26798750084163137,-0.8714908318498263
1253,-0.6938679014219343,0.6771184095695125
1254,-0.35147802690340024,0.3679207659742029
1255,-0.019317146773549704,0.5077354666993948
1256,-0.21968257044244754,-0.908271930160972
1257,-0.8153635077274564,-0.6200373637371477
1258,-0.3842757418274375,-0.8098521395695008
1259,-0.9608778965089012,-0.06762623964662576
1260,0.24956460175961456,-0.4529467903839277
1261,-0.9850387903918004,0.13748165921071082
1262,-0.8150376353851064,-0.6502242057022274
1263,-0.2641495675739167,0.4283446326610397
1264,-0.5100200340755454,-0.030261117597508644
1265,-0.9641991500196416,-0.33887919483768025
1266,0.7326192494513943,0.6229080089237657
1267,0.3492516583149444,0.36011146616761114
1268,0.5361834206147386,-0.12101529187829553
1269,0.310251158832763,-1.0068913845752925
1270,-0.8634155147373865,-0.5341587613541025
1271,-0.43466590507359376,0.1863485490516513
1272,0.24539107530169266,-1.056563012280883
1273,-0.31274862544518617,-0.4376226047880685
1274,0.11765705511104195,-1.1032374938363
1275,-0.4114110722223988,0.3684876497093918
1276,-0.8879020659671893,0.39320416879798015
1277,0.2632871094422447,-0.4779490500525461
1278,-0.33975866644722824,0.278973020656183
1279,0.2129233066078349,0.9941252234515144
1280,0.5698257562693176,0.8915977973670275
1281,-0.1914803748857488,-1.0229999146287407
1282,0.4343771102626902,-0.2595674706573475
1283,0.030712248620646764,0.4606523151795176
1284,0.13198454331519224,0.4551915668298498
1285,0.3399615091924233,0.9456250355728676
1286,0.3050462584077742,-0.3706896375126854
1287,0.9220380079374924,0.2649906377979378
1288,0.09005284524373149,-1.0783568911635932
1289,-0.16876282552649147,-0.3490644967379736
1290,1.0581064491026866,0.2210211173375304
1291,-0.5148314955789058,-0.8800455867242917
1292,0.17161656539260098,0.3757984834554833
1293,0.8553325685627884,0.5236062219222056
1294,-0.3680970189376987,-0.934537904746336
1295,0.0958604465573094,0.5099646676394741
1296,-0.4333667358738751,0.3032980629620056
1297,0.6732239861377919,-0.7934156389080963
1298,-0.8305578815014105,-0.4524857756641292
1299,0.9652826498757072,0.3348870942940369
1300,0.5264587738645535,-0.8335739331520574
1301,-0.764414268869619,0.5188746082712661
1302,1.0778712959417704,0.1117418364088544
1303,-0.4849297573754668,0.26429783964559195
1304,-0.8539386015972231,-0.47238007803767396
1305,-0.24544226574500566,0.4394186099400951
1306,0.8108541046006639,0.5238389024618313
1307,-0.42012151871806536,0.301414566729722
1308,0.4587650983063418,-0.8516969316570783
1309,0.1361222297780597,-0.4899272135816638
1310,-0.044774428193995006,0.529451688774078
1311,0.5194797049253752,-0.024787696358638825
1312,-0.007549153313888827,-0.5857311777363321
1313,0.4732570932849176,0.9045902099556752
1314,0.8838206058152831,-0.487836313593693
1315,-0.1652038226418194,-0.4548004250842474
1316,0.2437326133311225,0.4433907824365498
1317,-0.5239054745861433,0.7938173527949792
1318,-0.4634858640989717,-0.24627672096168435
1319,0.9858032223074272,0.06660589748847795
1320,0.14983605810254644,0.5495104384063138
1321,-0.5086151840690066,-0.0460564934241274
1322,0.41777023821594017,0.30164090326735304
1323,0.9487741294675772,-0.12733856160149187
1324,0.3895797904028314,-0.9847925656336184
1325,-0.95750886257347,-0.33049575515869056
1326,0.21269875706238947,0.3437025851889036
1327,0.638594893796475,0.7070089972324064
1328,-0.4492975236483072,0.10992952824568517
1329,-0.5942870250912895,0.7920409506498909
1330,-0.34938056513349824,0.4113847282699651
1331,-0.004707872032649898,1.023479319996165
1332,0.8049341034967386,-0.6459061879996804
1333,0.4849699900139103,-0.16819413950546255
1334,0.052892452320260096,0.4449479679059053
1335,0.3481493058764758,-0.30577763690473564
1336,0.7917460526545572,-0.6103286080923724
1337,-0.3741997232688238,0.3342727325269148
1338,-0.26724053555090643,0.9651515231145934
1339,-0.6755390824871428,0.6994784336739439
1340,1.0051480143030085,0.1589934455086731
1341,0.464471501712443,-0.08286014934797307
1342,-0.4718795510759586,0.22355949642559647
1343,0.8478095680160098,-0.5898035046084912
1344,0.01037834977081839,0.4741923568650058
1345,0.0275978677634219,0.4750563352806642
1346,-0.9258761523104718,-0.39263704115118375
1347,0.3627704586593039,-0.3188581742511434
1348,-0.4912726705076443,-0.01901004866453328
1349,0.15111090536733435,0.4714415911095438
1350,0.03994118130914536,-0.4857597082152018
1351,-0.4486960997026781,-0.24767858104127236
1352,1.0209329632648894,0.20050360131864384
1353,0.39872433618093794,-0.18233338997902146
1354,0.3535108411422361,0.2959789559997621
1355,-0.7981841731626484,0.6491114439294394
1356,0.9611952879390944,0.11561467479032865
1357,1.0454246465116357,-0.27241333561176084
1358,-0.9265254358155354,-0.15640191070496673
1359,0.5067943474353498,-0.0005747921465920625
1360,0.17072683150252613,-0.5618531104523725
1361,-0.7342664632367473,0.5941779713119718
1362,-0.2896010757995621,-0.8745526196672846
1363,-0.6916606274543796,0.7419083984374039
1364,-0.07167132081672188,0.4622711148723846
1365,0.4230064742957576,-0.09901865869362007
1366,0.5842196125131793,0.11017355201308013
1367,1.0329834502212976,0.12585809989971108
1368,0.9541019195211452,-0.1808224597317028
1369,0.3163885650864943,0.3187694413669122
1370,-0.7740921637836227,0.689184596533101
1371,0.9573312755636872,0.3677792555391941
1372,-0.7084171681801869,-0.7059279982106142
1373,0.9765551846077322,0.1435294441394756
1374,0.07374763248615497,-0.4769835778623049
1375,-0.7952468427855448,0.6883068247992271
1376,-0.320149982677919,0.9464067947292181
1377,-0.6640214886526501,0.7951078209138789
1378,-0.316968450942144,0.3458022486313906
1379,0.6442109793738668,-0.1460807887396903
1380,0.2851196248624767,0.9310857645827728
1381,0.03123225174884408,0.4779776196456544
1382,0.14209096065824445,0.483817232834308
1383,-0.2551040862019739,0.5055799572683273
1384,-0.19106117226656005,-1.0322620340419244
1385,-0.2624569180841105,0.38670676372565055
1386,0.058311981798376926,0.562188931903304
1387,-0.4532392961822069,0.8625296565304745
1388,0.5333115911576232,-0.10443534023997894
1389,0.7017172817352244,-0.8341310724709164
1390,-0.5611261549256101,-0.7521948485554925
1391,-0.9957556302354196,-0.10928173867214457
1392,-0.33550791880995723,-0.3600533971169044
1393,0.32299940492417284,-0.41543897522807816
1394,0.2758919514601572,-0.4728797079572543
1395,1.014623255415248,-0.1282356858896715
1396,-0.8291230032048269,0.5513955691011067
1397,-0.4384733727919395,0.031432387675272955
1398,0.7317784101703222,0.6167251857834187
1399,-0.3683014590860773,-0.44530446751022223
1400,-0.19049273671981956,1.0274240559402272
1401,0.410444726685434,0.16904134091662198
1402,0.3986015978207128,-0.9868887349654988
1403,0.4430650615631627,0.1994093822231705
1404,-0.8742697474730702,-0.6257066907013078
1405,-0.7614081223329958,0.5285818054639184
1406,0.8985943083484984,0.14094702348645807
1407,0.2282458214635407,0.4828238935281862
1408,0.073310914966556,1.0572311678188615
1409,-0.7421690623588799,-0.7378488698183532
1410,0.07917806580810728,0.9287503540953828
1411,0.32344033487059226,0.4460342864755392
1412,0.331221245371954,-0.3155066248881362
1413,-0.4970951586475085,-0.7867290755699601
1414,1.1069950537615818,0.14044624005719078
1415,-0.9365107634940292,0.4782748466306476
1416,1.0524887434848949,-0.1351069506320849
1417,0.3934577219474241,0.3635704387341822
1418,-0.8610997491736736,-0.6367403888227994
1419,-0.4619087083134845,-0.13376349861650816
1420,-0.1649153871207052,0.4371604254658691
1421,-0.48498085568939797,0.10220544992889398
1422,-0.4346856684940961,0.4279754735231922
1423,-1.0063606290024671,0.2427098100666695
1424,0.4518368603552307,-0.9349179810441672
1425,-0.4732435145046477,-0.0047418747554632545
1426,0.446982289022758,-0.22665430075770296
1427,0.4506986224480383,-0.8659773508732979
1428,-0.1928929537761955,-0.4381549887027185
1429,-0.5542279633421389,0.08682354377312705
1430,-0.1577652597253701,-0.3474201571206529
1431,0.25941841224906925,-0.3755410528062854
1432,0.4989567962613952,-0.13843918915522874
1433,-1.0506833500650494,-0.28156810185954306
1434,-0.4043562374976684,-0.1854476644661266
1435,0.3674862762799481,0.3237254080073205
1436,-0.20400329141227885,0.37764125330170106
1437,-0.9074974329680066,0.4642392324299936
1438,-0.24568441213112366,-0.9016811139037041
1439,-0.5444489355062654,-0.08135675938744641
1440,0.6598208979602141,-0.6920680833251994
1441,0.0025750629325283427,0.9596184136644834
1442,-0.07853018359784626,0.4415691948565307
1443,0.3560010142457041,0.34713091176892824
1444,-0.8243754254525565,0.5372858076387925
1445,-0.12307143652928255,0.4840684091465371
1446,0.9735499655675348,0.4168732917818182
1447,-0.4563951806685788,0.21616534612089605
1448,0.17930230784968446,0.4412156639351492
1449,-0.030378797824552762,-0.5178564810901289
1450,-0.9462577752188418,-0.2716256309166725
1451,0.9319847736486058,-0.3512969087237512
1452,0.5848729525384664,0.7909961586822388
1453,-0.08425298332380153,0.4658740932567078
1454,-0.07072147669204415,-1.0058133873451007
1455,0.4463061391040396,-0.19380681998798693
1456,-0.5688366155392068,-0.823049560221366
1457,-0.2538737706523439,-0.366025105128146
1458,0.11895214469814865,-0.46556691030552
1459,0.4183094290468962,0.23948994624424555
1460,0.13157741915860816,-0.8971909663023648
1461,0.5300686837522673,-0.8153752985123646
1462,0.43626223206552855,0.269334716560142
1463,0.37261129998862347,-0.191991712973116
1464,-0.05520733032667786,0.6222868027239852
1465,-0.468502593657782,0.04970086644946255
1466,-0.5096154633572427,0.08231685306512257
1467,0.15522272074428595,-0.5395575982831554
1468,-0.39617475477694575,-0.18709117263705072
1469,0.9568961981022618,0.025606435254270882
1470,-0.5894252945123468,0.8693469630351159
1471,0.6350723460574705,0.7468590308006193
1472,0.7480486652788957,-0.758986826146367
1473,0.3147831392090358,0.9532453350094706
1474,-0.4159542722644332,0.8417733899270721
1475,-0.35747881055990793,-0.3638327903900884
1476,-0.15024137758348574,-0.4877012990325954
1477,-0.009382288132806749,-0.3668125591608157
1478,-0.07137993526752312,-0.48608786386999503
1479,-0.4756689439192243,-0.7575988720628786
1480,0.3077195673786033,-0.3105475365846743
1481,-0.4518700934352812,-0.8917691607610375
1482,-0.4711259148654262,-0.04514603505909792
1483,-0.517705742775014,0.08224650705748611
1484,0.8368075705537423,-0.26001898692409897
1485,-0.5400673340424837,0.950585000330054
1486,0.1801501690189279,-0.3650980977936065
1487,0.4531653039340332,-0.18744830772344406
1488,-0.172844654197031,0.4753836840913641
1489,0.2843000699762654,-0.3075565196236555
1490,0.467274124090627,0.054926066540449785
1491,-0.3759206940721535,0.2643830472976021
1492,-0.4675360716911943,0.025679280548110903
1493,0.6195482341047333,0.8217376599457583
1494,-0.8311133942354042,-0.5548577104768946
1495,1.0170660531758295,-0.17382034314105746
1496,0.2629695231504864,0.4876316911459336
1497,-1.0189346230781826,0.13939976867183154
1498,0.2683639432387914,0.5526653614732678
1499,-0.3222429123031821,-0.3674688447798436
